Date,   SST AMM  missing value -99 https://psl.noaa.gov/data/timeseries/month/
1948-01-01,    0.660
1948-02-01,    0.000
1948-03-01,    1.000
1948-04-01,    1.860
1948-05-01,    1.300
1948-06-01,    2.510
1948-07-01,    1.630
1948-08-01,    0.550
1948-09-01,   -0.480
1948-10-01,   -0.240
1948-11-01,    0.720
1948-12-01,   -0.930
1949-01-01,   -0.200
1949-02-01,   -0.470
1949-03-01,   -1.130
1949-04-01,   -1.220
1949-05-01,   -1.880
1949-06-01,   -1.550
1949-07-01,   -0.190
1949-08-01,    0.770
1949-09-01,    0.890
1949-10-01,    0.800
1949-11-01,    0.160
1949-12-01,    0.460
1950-01-01,    0.530
1950-02-01,   -1.070
1950-03-01,   -1.260
1950-04-01,    0.720
1950-05-01,    1.050
1950-06-01,    0.280
1950-07-01,    0.210
1950-08-01,    1.210
1950-09-01,    1.260
1950-10-01,    1.270
1950-11-01,    1.870
1950-12-01,    3.030
1951-01-01,    2.140
1951-02-01,    0.940
1951-03-01,    2.290
1951-04-01,    3.630
1951-05-01,    3.700
1951-06-01,    3.850
1951-07-01,    2.870
1951-08-01,    0.980
1951-09-01,   -0.040
1951-10-01,   -0.970
1951-11-01,   -1.190
1951-12-01,   -2.020
1952-01-01,   -2.890
1952-02-01,   -1.440
1952-03-01,    0.920
1952-04-01,    1.130
1952-05-01,    2.090
1952-06-01,    3.270
1952-07-01,    2.360
1952-08-01,    2.040
1952-09-01,    2.240
1952-10-01,    2.080
1952-11-01,    2.250
1952-12-01,    3.630
1953-01-01,    3.160
1953-02-01,    2.800
1953-03-01,    1.320
1953-04-01,    2.120
1953-05-01,    2.340
1953-06-01,    1.450
1953-07-01,    1.450
1953-08-01,    1.520
1953-09-01,    1.520
1953-10-01,    0.350
1953-11-01,    0.690
1953-12-01,    0.820
1954-01-01,    0.970
1954-02-01,    0.820
1954-03-01,   -0.170
1954-04-01,   -0.440
1954-05-01,    1.680
1954-06-01,    1.200
1954-07-01,    0.390
1954-08-01,   -0.860
1954-09-01,   -1.250
1954-10-01,   -1.690
1954-11-01,   -1.600
1954-12-01,   -1.070
1955-01-01,    0.630
1955-02-01,    1.620
1955-03-01,    1.030
1955-04-01,    1.950
1955-05-01,    1.610
1955-06-01,    2.140
1955-07-01,    2.700
1955-08-01,    3.050
1955-09-01,    2.930
1955-10-01,    3.550
1955-11-01,    4.250
1955-12-01,    4.570
1956-01-01,    4.380
1956-02-01,    3.560
1956-03-01,    2.500
1956-04-01,    2.020
1956-05-01,    0.160
1956-06-01,   -1.400
1956-07-01,   -0.470
1956-08-01,   -0.250
1956-09-01,   -0.670
1956-10-01,    0.050
1956-11-01,    0.390
1956-12-01,    0.740
1957-01-01,   -1.030
1957-02-01,   -2.240
1957-03-01,   -1.540
1957-04-01,   -2.320
1957-05-01,   -1.400
1957-06-01,   -0.440
1957-07-01,    0.050
1957-08-01,    1.000
1957-09-01,    1.340
1957-10-01,    1.620
1957-11-01,    0.560
1957-12-01,    0.100
1958-01-01,    1.410
1958-02-01,    4.020
1958-03-01,    7.130
1958-04-01,    8.230
1958-05-01,    7.870
1958-06-01,    7.320
1958-07-01,    5.030
1958-08-01,    3.870
1958-09-01,    3.660
1958-10-01,    1.950
1958-11-01,    1.510
1958-12-01,    1.030
1959-01-01,    1.870
1959-02-01,    1.810
1959-03-01,   -0.370
1959-04-01,   -1.040
1959-05-01,   -0.810
1959-06-01,   -0.870
1959-07-01,   -0.340
1959-08-01,   -0.450
1959-09-01,   -0.240
1959-10-01,   -0.710
1959-11-01,   -0.740
1959-12-01,   -0.860
1960-01-01,    0.260
1960-02-01,    1.650
1960-03-01,    1.440
1960-04-01,    2.000
1960-05-01,    2.440
1960-06-01,    2.540
1960-07-01,    1.650
1960-08-01,    1.080
1960-09-01,    0.520
1960-10-01,    0.170
1960-11-01,    0.250
1960-12-01,   -0.290
1961-01-01,   -0.160
1961-02-01,   -0.330
1961-03-01,    0.410
1961-04-01,    1.790
1961-05-01,    2.110
1961-06-01,    0.740
1961-07-01,    1.150
1961-08-01,    1.270
1961-09-01,    0.180
1961-10-01,   -0.540
1961-11-01,   -0.210
1961-12-01,    1.510
1962-01-01,    1.960
1962-02-01,    1.960
1962-03-01,    3.260
1962-04-01,    3.150
1962-05-01,    2.820
1962-06-01,    1.300
1962-07-01,    2.440
1962-08-01,    1.560
1962-09-01,    0.980
1962-10-01,    0.410
1962-11-01,    1.420
1962-12-01,    2.910
1963-01-01,    3.150
1963-02-01,    3.070
1963-03-01,    1.420
1963-04-01,    1.760
1963-05-01,   -0.210
1963-06-01,   -1.120
1963-07-01,   -1.140
1963-08-01,   -2.040
1963-09-01,   -3.190
1963-10-01,   -2.340
1963-11-01,   -2.210
1963-12-01,   -2.960
1964-01-01,   -1.590
1964-02-01,    0.210
1964-03-01,    0.740
1964-04-01,    0.170
1964-05-01,    1.500
1964-06-01,    1.340
1964-07-01,    0.250
1964-08-01,    0.090
1964-09-01,    0.340
1964-10-01,    0.280
1964-11-01,    0.950
1964-12-01,    1.080
1965-01-01,   -0.620
1965-02-01,   -1.260
1965-03-01,   -1.020
1965-04-01,   -1.400
1965-05-01,   -1.840
1965-06-01,   -2.260
1965-07-01,   -1.510
1965-08-01,   -2.350
1965-09-01,   -2.660
1965-10-01,   -2.640
1965-11-01,   -2.320
1965-12-01,   -1.350
1966-01-01,   -0.350
1966-02-01,    2.120
1966-03-01,    3.010
1966-04-01,    3.300
1966-05-01,    2.260
1966-06-01,    0.820
1966-07-01,    0.390
1966-08-01,    0.300
1966-09-01,    0.450
1966-10-01,    0.110
1966-11-01,    0.330
1966-12-01,    0.090
1967-01-01,    0.840
1967-02-01,    0.100
1967-03-01,    0.200
1967-04-01,    1.300
1967-05-01,    0.840
1967-06-01,    0.010
1967-07-01,    0.430
1967-08-01,    0.080
1967-09-01,    0.180
1967-10-01,   -0.430
1967-11-01,   -1.820
1967-12-01,   -2.170
1968-01-01,   -0.990
1968-02-01,    0.680
1968-03-01,    0.670
1968-04-01,   -0.070
1968-05-01,   -0.140
1968-06-01,   -1.450
1968-07-01,   -1.790
1968-08-01,   -1.900
1968-09-01,   -1.620
1968-10-01,   -1.440
1968-11-01,   -1.130
1968-12-01,   -0.680
1969-01-01,    1.110
1969-02-01,    2.860
1969-03-01,    5.190
1969-04-01,    3.830
1969-05-01,    3.170
1969-06-01,    1.890
1969-07-01,    1.610
1969-08-01,    0.540
1969-09-01,   -0.260
1969-10-01,   -0.520
1969-11-01,    0.520
1969-12-01,    1.880
1970-01-01,    3.810
1970-02-01,    4.200
1970-03-01,    5.330
1970-04-01,    4.120
1970-05-01,    3.580
1970-06-01,    2.480
1970-07-01,    1.200
1970-08-01,    0.860
1970-09-01,   -0.020
1970-10-01,    0.310
1970-11-01,    0.510
1970-12-01,    0.970
1971-01-01,    0.730
1971-02-01,   -0.170
1971-03-01,   -1.000
1971-04-01,   -2.610
1971-05-01,   -3.560
1971-06-01,   -3.800
1971-07-01,   -1.960
1971-08-01,   -2.470
1971-09-01,   -1.560
1971-10-01,   -0.260
1971-11-01,    0.730
1971-12-01,   -0.440
1972-01-01,   -1.630
1972-02-01,   -2.150
1972-03-01,   -3.120
1972-04-01,   -3.040
1972-05-01,   -3.320
1972-06-01,   -4.310
1972-07-01,   -4.770
1972-08-01,   -4.910
1972-09-01,   -4.750
1972-10-01,   -4.500
1972-11-01,   -4.930
1972-12-01,   -6.820
1973-01-01,   -6.530
1973-02-01,   -5.690
1973-03-01,   -4.970
1973-04-01,   -3.620
1973-05-01,   -2.540
1973-06-01,   -2.470
1973-07-01,   -2.150
1973-08-01,   -2.060
1973-09-01,   -2.020
1973-10-01,   -2.400
1973-11-01,   -1.910
1973-12-01,   -1.170
1974-01-01,   -1.490
1974-02-01,   -2.910
1974-03-01,   -4.810
1974-04-01,   -6.310
1974-05-01,   -6.220
1974-06-01,   -4.900
1974-07-01,   -3.890
1974-08-01,   -3.660
1974-09-01,   -3.900
1974-10-01,   -3.460
1974-11-01,   -4.120
1974-12-01,   -3.910
1975-01-01,   -2.140
1975-02-01,   -2.400
1975-03-01,   -3.010
1975-04-01,   -2.420
1975-05-01,   -3.160
1975-06-01,   -2.900
1975-07-01,   -1.170
1975-08-01,   -0.550
1975-09-01,   -1.130
1975-10-01,   -1.350
1975-11-01,   -1.670
1975-12-01,   -0.620
1976-01-01,   -0.020
1976-02-01,   -1.100
1976-03-01,   -2.740
1976-04-01,   -2.430
1976-05-01,   -2.810
1976-06-01,   -2.120
1976-07-01,    0.020
1976-08-01,    1.560
1976-09-01,    1.400
1976-10-01,    0.820
1976-11-01,   -0.660
1976-12-01,   -2.150
1977-01-01,   -1.980
1977-02-01,   -1.570
1977-03-01,   -0.830
1977-04-01,   -0.310
1977-05-01,   -0.080
1977-06-01,    0.030
1977-07-01,   -0.850
1977-08-01,   -1.730
1977-09-01,   -2.020
1977-10-01,   -2.410
1977-11-01,   -2.400
1977-12-01,   -1.950
1978-01-01,    0.230
1978-02-01,    2.000
1978-03-01,    3.200
1978-04-01,    3.800
1978-05-01,    2.050
1978-06-01,   -0.390
1978-07-01,   -1.320
1978-08-01,   -0.540
1978-09-01,    0.170
1978-10-01,    0.510
1978-11-01,    0.050
1978-12-01,   -1.090
1979-01-01,    1.150
1979-02-01,    2.500
1979-03-01,    2.370
1979-04-01,    2.160
1979-05-01,    2.420
1979-06-01,    1.960
1979-07-01,    1.160
1979-08-01,   -0.420
1979-09-01,   -0.890
1979-10-01,   -0.260
1979-11-01,    0.080
1979-12-01,    0.890
1980-01-01,    2.990
1980-02-01,    3.350
1980-03-01,    3.010
1980-04-01,    4.190
1980-05-01,    5.100
1980-06-01,    3.640
1980-07-01,    1.530
1980-08-01,    1.730
1980-09-01,    0.890
1980-10-01,    0.220
1980-11-01,    0.680
1980-12-01,    0.750
1981-01-01,    1.720
1981-02-01,    2.780
1981-03-01,    5.090
1981-04-01,    4.030
1981-05-01,    3.680
1981-06-01,    2.190
1981-07-01,    1.410
1981-08-01,    0.320
1981-09-01,    0.020
1981-10-01,   -0.900
1981-11-01,   -0.170
1981-12-01,    1.910
1982-01-01,    0.370
1982-02-01,   -0.220
1982-03-01,   -0.450
1982-04-01,   -0.680
1982-05-01,    0.310
1982-06-01,   -0.300
1982-07-01,   -0.920
1982-08-01,   -0.750
1982-09-01,   -2.210
1982-10-01,   -3.120
1982-11-01,   -4.180
1982-12-01,   -5.890
1983-01-01,   -5.870
1983-02-01,   -3.180
1983-03-01,    1.560
1983-04-01,    2.410
1983-05-01,    1.110
1983-06-01,    1.250
1983-07-01,    0.670
1983-08-01,   -0.980
1983-09-01,   -1.120
1983-10-01,   -0.400
1983-11-01,    0.420
1983-12-01,    0.520
1984-01-01,   -1.620
1984-02-01,   -2.970
1984-03-01,   -3.430
1984-04-01,   -2.760
1984-05-01,   -1.770
1984-06-01,   -2.650
1984-07-01,   -3.170
1984-08-01,   -3.570
1984-09-01,   -3.430
1984-10-01,   -3.140
1984-11-01,   -3.120
1984-12-01,   -2.680
1985-01-01,   -3.040
1985-02-01,   -2.710
1985-03-01,   -3.920
1985-04-01,   -3.900
1985-05-01,   -4.940
1985-06-01,   -0.620
1985-07-01,    0.120
1985-08-01,   -0.260
1985-09-01,   -0.390
1985-10-01,   -1.100
1985-11-01,   -0.230
1985-12-01,   -1.880
1986-01-01,   -3.850
1986-02-01,   -4.400
1986-03-01,   -4.390
1986-04-01,   -5.200
1986-05-01,   -4.420
1986-06-01,   -4.370
1986-07-01,   -3.020
1986-08-01,   -2.750
1986-09-01,   -1.680
1986-10-01,   -2.340
1986-11-01,   -3.410
1986-12-01,   -5.950
1987-01-01,   -3.660
1987-02-01,   -2.740
1987-03-01,    0.180
1987-04-01,    0.930
1987-05-01,    0.570
1987-06-01,    2.340
1987-07-01,    0.220
1987-08-01,    0.780
1987-09-01,    0.380
1987-10-01,    0.580
1987-11-01,   -0.680
1987-12-01,    1.100
1988-01-01,   -1.360
1988-02-01,   -2.510
1988-03-01,   -0.660
1988-04-01,    1.390
1988-05-01,    0.480
1988-06-01,    1.710
1988-07-01,    1.740
1988-08-01,    0.470
1988-09-01,    0.200
1988-10-01,   -0.280
1988-11-01,    0.080
1988-12-01,   -0.210
1989-01-01,   -2.600
1989-02-01,   -2.840
1989-03-01,   -4.840
1989-04-01,   -5.790
1989-05-01,   -4.450
1989-06-01,    0.350
1989-07-01,    2.140
1989-08-01,    2.680
1989-09-01,    0.520
1989-10-01,    0.540
1989-11-01,   -0.240
1989-12-01,    1.630
1990-01-01,   -0.180
1990-02-01,   -1.270
1990-03-01,   -1.600
1990-04-01,   -0.800
1990-05-01,    0.610
1990-06-01,   -0.300
1990-07-01,    0.910
1990-08-01,    2.100
1990-09-01,    2.080
1990-10-01,    1.350
1990-11-01,    0.830
1990-12-01,   -0.540
1991-01-01,   -1.290
1991-02-01,   -1.190
1991-03-01,   -2.060
1991-04-01,   -3.570
1991-05-01,   -4.430
1991-06-01,   -5.030
1991-07-01,   -4.120
1991-08-01,   -2.150
1991-09-01,    0.380
1991-10-01,   -1.310
1991-11-01,   -1.220
1991-12-01,   -2.190
1992-01-01,   -1.470
1992-02-01,   -0.980
1992-03-01,   -0.750
1992-04-01,   -1.210
1992-05-01,   -0.340
1992-06-01,    0.020
1992-07-01,    0.680
1992-08-01,    0.080
1992-09-01,   -0.020
1992-10-01,    0.060
1992-11-01,   -0.710
1992-12-01,   -1.340
1993-01-01,   -2.260
1993-02-01,   -2.510
1993-03-01,   -3.140
1993-04-01,   -3.260
1993-05-01,   -2.300
1993-06-01,   -0.880
1993-07-01,   -2.550
1993-08-01,   -2.520
1993-09-01,   -2.640
1993-10-01,   -3.220
1993-11-01,   -5.270
1993-12-01,   -5.930
1994-01-01,   -6.230
1994-02-01,   -5.470
1994-03-01,   -5.560
1994-04-01,   -4.920
1994-05-01,   -4.820
1994-06-01,   -3.490
1994-07-01,   -2.310
1994-08-01,   -2.240
1994-09-01,   -1.710
1994-10-01,   -1.420
1994-11-01,   -1.700
1994-12-01,   -2.240
1995-01-01,   -1.370
1995-02-01,   -1.660
1995-03-01,   -3.490
1995-04-01,   -1.580
1995-05-01,    0.760
1995-06-01,    1.330
1995-07-01,    2.480
1995-08-01,    2.990
1995-09-01,    2.910
1995-10-01,    3.460
1995-11-01,    4.660
1995-12-01,    4.350
1996-01-01,    5.710
1996-02-01,    2.640
1996-03-01,    0.090
1996-04-01,    0.020
1996-05-01,   -0.150
1996-06-01,   -1.580
1996-07-01,   -1.270
1996-08-01,   -0.580
1996-09-01,    0.530
1996-10-01,    1.170
1996-11-01,    1.420
1996-12-01,    2.320
1997-01-01,    4.260
1997-02-01,    3.320
1997-03-01,    2.700
1997-04-01,    2.110
1997-05-01,    2.520
1997-06-01,    2.320
1997-07-01,    0.230
1997-08-01,   -1.400
1997-09-01,   -1.160
1997-10-01,   -0.150
1997-11-01,   -0.350
1997-12-01,   -1.440
1998-01-01,   -1.550
1998-02-01,    1.520
1998-03-01,    2.170
1998-04-01,    0.740
1998-05-01,    1.200
1998-06-01,    1.420
1998-07-01,    0.850
1998-08-01,    1.890
1998-09-01,    1.350
1998-10-01,    4.110
1998-11-01,    4.390
1998-12-01,    3.970
1999-01-01,    1.360
1999-02-01,   -0.300
1999-03-01,   -2.060
1999-04-01,   -2.800
1999-05-01,   -1.870
1999-06-01,   -0.830
1999-07-01,   -1.100
1999-08-01,    0.940
1999-09-01,    2.350
1999-10-01,    2.200
1999-11-01,    2.290
1999-12-01,    3.660
2000-01-01,    1.190
2000-02-01,   -0.380
2000-03-01,    0.310
2000-04-01,   -1.410
2000-05-01,   -1.990
2000-06-01,   -2.300
2000-07-01,   -1.050
2000-08-01,   -0.380
2000-09-01,   -0.120
2000-10-01,    0.150
2000-11-01,    0.390
2000-12-01,    0.240
2001-01-01,    0.400
2001-02-01,   -0.060
2001-03-01,    0.150
2001-04-01,   -1.450
2001-05-01,   -2.080
2001-06-01,   -0.640
2001-07-01,    0.410
2001-08-01,    0.410
2001-09-01,    2.930
2001-10-01,    3.310
2001-11-01,    5.030
2001-12-01,    5.540
2002-01-01,    6.050
2002-02-01,    4.300
2002-03-01,    2.140
2002-04-01,   -2.380
2002-05-01,   -4.390
2002-06-01,   -4.430
2002-07-01,   -3.560
2002-08-01,   -1.990
2002-09-01,   -0.730
2002-10-01,    1.140
2002-11-01,    0.910
2002-12-01,   -0.450
2003-01-01,    0.130
2003-02-01,   -1.600
2003-03-01,   -3.100
2003-04-01,   -1.790
2003-05-01,   -1.510
2003-06-01,   -0.110
2003-07-01,   -0.160
2003-08-01,    1.370
2003-09-01,    2.670
2003-10-01,    3.820
2003-11-01,    2.170
2003-12-01,    1.980
2004-01-01,    2.870
2004-02-01,    3.070
2004-03-01,    2.170
2004-04-01,    2.720
2004-05-01,    0.900
2004-06-01,    1.220
2004-07-01,    1.820
2004-08-01,    3.700
2004-09-01,    2.960
2004-10-01,    4.100
2004-11-01,    4.880
2004-12-01,    3.780
2005-01-01,    2.390
2005-02-01,    1.430
2005-03-01,    2.270
2005-04-01,    3.820
2005-05-01,    4.580
2005-06-01,    5.550
2005-07-01,    4.030
2005-08-01,    3.310
2005-09-01,    4.080
2005-10-01,    3.630
2005-11-01,    3.690
2005-12-01,    5.290
2006-01-01,    4.170
2006-02-01,    1.200
2006-03-01,   -0.260
2006-04-01,    1.300
2006-05-01,    0.830
2006-06-01,    0.070
2006-07-01,   -0.510
2006-08-01,    1.270
2006-09-01,    1.990
2006-10-01,    3.690
2006-11-01,    4.490
2006-12-01,    2.470
2007-01-01,    2.240
2007-02-01,    2.960
2007-03-01,    1.980
2007-04-01,    0.990
2007-05-01,   -0.200
2007-06-01,   -0.480
2007-07-01,   -0.990
2007-08-01,   -0.240
2007-09-01,    0.200
2007-10-01,    2.420
2007-11-01,    3.500
2007-12-01,    2.580
2008-01-01,    2.150
2008-02-01,    0.980
2008-03-01,    0.120
2008-04-01,   -1.870
2008-05-01,   -0.640
2008-06-01,   -0.590
2008-07-01,   -0.410
2008-08-01,    0.080
2008-09-01,    2.090
2008-10-01,    2.810
2008-11-01,    1.840
2008-12-01,    1.890
2009-01-01,    0.670
2009-02-01,   -2.790
2009-03-01,   -3.720
2009-04-01,   -4.030
2009-05-01,   -5.290
2009-06-01,   -3.600
2009-07-01,    0.110
2009-08-01,    0.330
2009-09-01,    0.450
2009-10-01,    2.560
2009-11-01,    2.530
2009-12-01,    1.010
2010-01-01,    1.980
2010-02-01,    3.960
2010-03-01,    5.010
2010-04-01,    5.300
2010-05-01,    6.110
2010-06-01,    4.170
2010-07-01,    3.840
2010-08-01,    4.190
2010-09-01,    4.920
2010-10-01,    6.110
2010-11-01,    6.320
2010-12-01,    7.800
2011-01-01,    7.010
2011-02-01,    3.300
2011-03-01,    1.370
2011-04-01,    0.160
2011-05-01,    0.960
2011-06-01,    1.870
2011-07-01,    0.970
2011-08-01,    0.780
2011-09-01,    2.240
2011-10-01,    3.320
2011-11-01,    3.360
2011-12-01,    4.470
2012-01-01,    3.130
2012-02-01,    1.330
2012-03-01,   -2.180
2012-04-01,   -1.230
2012-05-01,   -0.850
2012-06-01,    0.480
2012-07-01,    0.740
2012-08-01,    2.050
2012-09-01,    3.490
2012-10-01,    4.970
2012-11-01,    5.350
2012-12-01,    3.920
2013-01-01,    2.860
2013-02-01,    1.630
2013-03-01,    3.720
2013-04-01,    2.220
2013-05-01,    3.120
2013-06-01,    0.860
2013-07-01,    0.750
2013-08-01,    1.630
2013-09-01,    2.900
2013-10-01,    4.480
2013-11-01,    3.060
2013-12-01,    2.850
2014-01-01,    0.770
2014-02-01,   -1.920
2014-03-01,   -4.400
2014-04-01,   -3.680
2014-05-01,   -3.800
2014-06-01,   -4.290
2014-07-01,   -2.130
2014-08-01,   -0.340
2014-09-01,    1.800
2014-10-01,    3.180
2014-11-01,    3.100
2014-12-01,    1.350
2015-01-01,   -0.800
2015-02-01,   -1.780
2015-03-01,   -4.230
2015-04-01,   -5.650
2015-05-01,   -4.080
2015-06-01,   -4.130
2015-07-01,   -1.600
2015-08-01,    1.100
2015-09-01,    2.440
2015-10-01,    3.950
2015-11-01,    1.080
2015-12-01,   -0.580
2016-01-01,   -0.560
2016-02-01,   -0.660
2016-03-01,   -1.400
2016-04-01,   -1.580
2016-05-01,    0.090
2016-06-01,   -0.100
2016-07-01,   -0.140
2016-08-01,    1.090
2016-09-01,    2.110
2016-10-01,    2.650
2016-11-01,    3.570
2016-12-01,    2.870
2017-01-01,    1.690
2017-02-01,    0.820
2017-03-01,   -1.070
2017-04-01,    0.130
2017-05-01,    2.160
2017-06-01,    1.160
2017-07-01,    2.100
2017-08-01,    1.930
2017-09-01,    3.100
2017-10-01,    2.940
2017-11-01,    4.480
2017-12-01,    6.140
2018-01-01,    2.120
2018-02-01,   -0.220
2018-03-01,    0.560
2018-04-01,   -2.900
2018-05-01,   -4.720
2018-06-01,   -6.480
2018-07-01,   -4.720
2018-08-01,   -1.360
2018-09-01,   -0.780
2018-10-01,    0.990
2018-11-01,   -0.680
2018-12-01,   -1.830
2019-01-01,   -0.700
2019-02-01,   -0.030
2019-03-01,   -3.010
2019-04-01,   -3.540
2019-05-01,   -2.080
2019-06-01,   -1.350
2019-07-01,   -0.140
2019-08-01,    0.330
2019-09-01,    2.330
2019-10-01,    2.250
2019-11-01,   -0.020
2019-12-01,   -1.190
2020-01-01,   -1.870
2020-02-01,   -1.510
2020-03-01,   -0.490
2020-04-01,    0.190
2020-05-01,   -1.040
2020-06-01,    0.520
2020-07-01,   -0.590
2020-08-01,    0.290
2020-09-01,    1.900
2020-10-01,    3.770
2020-11-01,    2.920
2020-12-01,    3.600
2021-01-01,    3.390
2021-02-01,    1.970
2021-03-01,    0.160
2021-04-01,   -0.970
2021-05-01,   -2.290
2021-06-01,   -4.130
2021-07-01,   -4.120
2021-08-01,   -2.290
2021-09-01,    1.310
2021-10-01,    1.830
2021-11-01,    3.180
2021-12-01,    2.690
2022-01-01,    2.970
2022-02-01,    2.100
2022-03-01,   -1.270
2022-04-01,   -2.440
2022-05-01,   -0.240
2022-06-01,   -0.600
2022-07-01,   -1.570
2022-08-01,   -0.210
2022-09-01,    2.200
2022-10-01,    2.800
2022-11-01,    2.200
2022-12-01,    1.610
2023-01-01,    1.290
2023-02-01,    0.110
2023-03-01,    1.020
2023-04-01,    1.120
2023-05-01,    2.280
2023-06-01,    3.740
2023-07-01,    3.180
2023-08-01,    2.950
2023-09-01,    5.720
2023-10-01,    5.510
2023-11-01,    4.000
2023-12-01,    2.580
2024-01-01,    3.960
2024-02-01,    4.020
2024-03-01,    3.140
2024-04-01,    1.550
2024-05-01,    3.300
2024-06-01,    3.220
2024-07-01,    0.900
2024-08-01,    2.750
2024-09-01,    4.400
2024-10-01,    4.390
2024-11-01,    4.910
2024-12-01,    4.970
2025-01-01,    5.170
2025-02-01,    1.960
2025-03-01,    0.000
2025-04-01,   -1.490
2025-05-01,   -1.840
2025-06-01,   -1.870
2025-07-01,   -0.760
2025-08-01,    0.500
2025-09-01,    2.820
2025-10-01,    4.290
2025-11-01,    5.830
2025-12-01,    3.700
2026-01-01,    1.580
2026-02-01,   -0.160
2026-03-01,-9999.000
2026-04-01,-9999.000
2026-05-01,-9999.000
2026-06-01,-9999.000
2026-07-01,-9999.000
2026-08-01,-9999.000
2026-09-01,-9999.000
2026-10-01,-9999.000
2026-11-01,-9999.000
2026-12-01,-9999.000
