Date,   TNAa  missing value -99.99 https://psl.noaa.gov/data/timeseries/month/
1948-01-01,   -0.080
1948-02-01,   -0.180
1948-03-01,    0.100
1948-04-01,   -0.280
1948-05-01,   -0.270
1948-06-01,   -0.130
1948-07-01,   -0.340
1948-08-01,   -0.530
1948-09-01,   -0.600
1948-10-01,   -0.520
1948-11-01,   -0.230
1948-12-01,   -0.290
1949-01-01,   -0.480
1949-02-01,   -0.330
1949-03-01,   -0.460
1949-04-01,   -0.300
1949-05-01,   -0.660
1949-06-01,   -0.540
1949-07-01,   -0.480
1949-08-01,   -0.380
1949-09-01,   -0.360
1949-10-01,   -0.300
1949-11-01,   -0.420
1949-12-01,   -0.230
1950-01-01,   -0.380
1950-02-01,   -0.540
1950-03-01,   -0.520
1950-04-01,   -0.270
1950-05-01,   -0.460
1950-06-01,   -0.380
1950-07-01,   -0.460
1950-08-01,   -0.490
1950-09-01,   -0.440
1950-10-01,   -0.610
1950-11-01,   -0.400
1950-12-01,   -0.120
1951-01-01,   -0.190
1951-02-01,   -0.350
1951-03-01,   -0.220
1951-04-01,    0.020
1951-05-01,   -0.060
1951-06-01,   -0.070
1951-07-01,    0.140
1951-08-01,   -0.140
1951-09-01,   -0.220
1951-10-01,   -0.340
1951-11-01,   -0.340
1951-12-01,   -0.370
1952-01-01,   -0.650
1952-02-01,   -0.330
1952-03-01,   -0.180
1952-04-01,   -0.110
1952-05-01,   -0.070
1952-06-01,    0.040
1952-07-01,   -0.100
1952-08-01,   -0.180
1952-09-01,   -0.000
1952-10-01,   -0.170
1952-11-01,   -0.030
1952-12-01,    0.260
1953-01-01,    0.210
1953-02-01,    0.230
1953-03-01,   -0.200
1953-04-01,    0.020
1953-05-01,   -0.090
1953-06-01,   -0.110
1953-07-01,   -0.090
1953-08-01,   -0.100
1953-09-01,   -0.180
1953-10-01,   -0.270
1953-11-01,   -0.150
1953-12-01,   -0.120
1954-01-01,   -0.140
1954-02-01,   -0.300
1954-03-01,   -0.420
1954-04-01,   -0.610
1954-05-01,   -0.150
1954-06-01,   -0.200
1954-07-01,   -0.460
1954-08-01,   -0.470
1954-09-01,   -0.610
1954-10-01,   -0.750
1954-11-01,   -0.480
1954-12-01,   -0.590
1955-01-01,   -0.160
1955-02-01,   -0.100
1955-03-01,   -0.190
1955-04-01,   -0.170
1955-05-01,   -0.330
1955-06-01,   -0.260
1955-07-01,   -0.150
1955-08-01,   -0.160
1955-09-01,   -0.220
1955-10-01,   -0.220
1955-11-01,    0.140
1955-12-01,    0.010
1956-01-01,    0.130
1956-02-01,    0.060
1956-03-01,   -0.190
1956-04-01,   -0.160
1956-05-01,   -0.500
1956-06-01,   -0.690
1956-07-01,   -0.560
1956-08-01,   -0.530
1956-09-01,   -0.650
1956-10-01,   -0.480
1956-11-01,   -0.390
1956-12-01,   -0.250
1957-01-01,   -0.570
1957-02-01,   -0.730
1957-03-01,   -0.330
1957-04-01,   -0.520
1957-05-01,   -0.550
1957-06-01,   -0.330
1957-07-01,   -0.330
1957-08-01,   -0.150
1957-09-01,   -0.160
1957-10-01,   -0.110
1957-11-01,   -0.070
1957-12-01,   -0.120
1958-01-01,    0.000
1958-02-01,    0.480
1958-03-01,    0.750
1958-04-01,    0.760
1958-05-01,    0.520
1958-06-01,    0.510
1958-07-01,    0.080
1958-08-01,   -0.070
1958-09-01,   -0.090
1958-10-01,   -0.350
1958-11-01,   -0.120
1958-12-01,   -0.090
1959-01-01,    0.030
1959-02-01,    0.110
1959-03-01,   -0.250
1959-04-01,   -0.240
1959-05-01,   -0.430
1959-06-01,   -0.500
1959-07-01,   -0.520
1959-08-01,   -0.630
1959-09-01,   -0.530
1959-10-01,   -0.630
1959-11-01,   -0.510
1959-12-01,   -0.520
1960-01-01,   -0.310
1960-02-01,    0.000
1960-03-01,    0.040
1960-04-01,   -0.030
1960-05-01,    0.060
1960-06-01,   -0.150
1960-07-01,   -0.190
1960-08-01,   -0.280
1960-09-01,   -0.430
1960-10-01,   -0.430
1960-11-01,   -0.200
1960-12-01,   -0.310
1961-01-01,   -0.290
1961-02-01,   -0.240
1961-03-01,   -0.140
1961-04-01,    0.010
1961-05-01,    0.000
1961-06-01,   -0.280
1961-07-01,   -0.270
1961-08-01,   -0.250
1961-09-01,   -0.430
1961-10-01,   -0.550
1961-11-01,   -0.370
1961-12-01,   -0.020
1962-01-01,   -0.030
1962-02-01,   -0.060
1962-03-01,    0.260
1962-04-01,    0.100
1962-05-01,    0.150
1962-06-01,   -0.180
1962-07-01,   -0.020
1962-08-01,   -0.150
1962-09-01,   -0.290
1962-10-01,   -0.350
1962-11-01,   -0.010
1962-12-01,    0.220
1963-01-01,    0.310
1963-02-01,    0.330
1963-03-01,    0.180
1963-04-01,    0.260
1963-05-01,   -0.060
1963-06-01,   -0.130
1963-07-01,   -0.100
1963-08-01,   -0.200
1963-09-01,   -0.410
1963-10-01,   -0.460
1963-11-01,   -0.140
1963-12-01,   -0.250
1964-01-01,   -0.160
1964-02-01,    0.100
1964-03-01,    0.130
1964-04-01,   -0.280
1964-05-01,   -0.120
1964-06-01,   -0.170
1964-07-01,   -0.330
1964-08-01,   -0.530
1964-09-01,   -0.640
1964-10-01,   -0.670
1964-11-01,   -0.400
1964-12-01,   -0.480
1965-01-01,   -0.610
1965-02-01,   -0.430
1965-03-01,   -0.280
1965-04-01,   -0.340
1965-05-01,   -0.410
1965-06-01,   -0.530
1965-07-01,   -0.470
1965-08-01,   -0.530
1965-09-01,   -0.500
1965-10-01,   -0.520
1965-11-01,   -0.400
1965-12-01,   -0.280
1966-01-01,   -0.270
1966-02-01,    0.200
1966-03-01,    0.280
1966-04-01,    0.370
1966-05-01,    0.150
1966-06-01,    0.030
1966-07-01,   -0.120
1966-08-01,   -0.300
1966-09-01,   -0.300
1966-10-01,   -0.320
1966-11-01,    0.040
1966-12-01,   -0.050
1967-01-01,   -0.000
1967-02-01,   -0.180
1967-03-01,   -0.300
1967-04-01,   -0.110
1967-05-01,   -0.360
1967-06-01,   -0.450
1967-07-01,   -0.470
1967-08-01,   -0.630
1967-09-01,   -0.520
1967-10-01,   -0.560
1967-11-01,   -0.640
1967-12-01,   -0.520
1968-01-01,   -0.550
1968-02-01,   -0.290
1968-03-01,   -0.210
1968-04-01,   -0.260
1968-05-01,   -0.290
1968-06-01,   -0.490
1968-07-01,   -0.470
1968-08-01,   -0.480
1968-09-01,   -0.450
1968-10-01,   -0.330
1968-11-01,   -0.140
1968-12-01,   -0.010
1969-01-01,    0.180
1969-02-01,    0.560
1969-03-01,    0.980
1969-04-01,    0.680
1969-05-01,    0.520
1969-06-01,    0.130
1969-07-01,    0.120
1969-08-01,    0.000
1969-09-01,   -0.110
1969-10-01,   -0.260
1969-11-01,    0.030
1969-12-01,    0.150
1970-01-01,    0.390
1970-02-01,    0.460
1970-03-01,    0.680
1970-04-01,    0.520
1970-05-01,    0.310
1970-06-01,   -0.010
1970-07-01,   -0.300
1970-08-01,   -0.400
1970-09-01,   -0.500
1970-10-01,   -0.490
1970-11-01,   -0.330
1970-12-01,   -0.270
1971-01-01,   -0.140
1971-02-01,   -0.210
1971-03-01,   -0.340
1971-04-01,   -0.500
1971-05-01,   -0.670
1971-06-01,   -0.860
1971-07-01,   -0.730
1971-08-01,   -0.800
1971-09-01,   -0.660
1971-10-01,   -0.610
1971-11-01,   -0.440
1971-12-01,   -0.600
1972-01-01,   -0.510
1972-02-01,   -0.550
1972-03-01,   -0.660
1972-04-01,   -0.460
1972-05-01,   -0.660
1972-06-01,   -0.600
1972-07-01,   -0.680
1972-08-01,   -0.780
1972-09-01,   -0.700
1972-10-01,   -0.500
1972-11-01,   -0.400
1972-12-01,   -0.660
1973-01-01,   -0.560
1973-02-01,   -0.470
1973-03-01,   -0.480
1973-04-01,   -0.350
1973-05-01,   -0.160
1973-06-01,   -0.310
1973-07-01,   -0.330
1973-08-01,   -0.500
1973-09-01,   -0.540
1973-10-01,   -0.680
1973-11-01,   -0.540
1973-12-01,   -0.390
1974-01-01,   -0.520
1974-02-01,   -0.690
1974-03-01,   -0.880
1974-04-01,   -1.250
1974-05-01,   -1.100
1974-06-01,   -0.860
1974-07-01,   -0.780
1974-08-01,   -0.720
1974-09-01,   -0.870
1974-10-01,   -0.890
1974-11-01,   -0.820
1974-12-01,   -0.810
1975-01-01,   -0.480
1975-02-01,   -0.590
1975-03-01,   -0.650
1975-04-01,   -0.600
1975-05-01,   -0.910
1975-06-01,   -0.650
1975-07-01,   -0.550
1975-08-01,   -0.480
1975-09-01,   -0.640
1975-10-01,   -0.720
1975-11-01,   -0.700
1975-12-01,   -0.550
1976-01-01,   -0.550
1976-02-01,   -0.650
1976-03-01,   -0.960
1976-04-01,   -0.820
1976-05-01,   -0.990
1976-06-01,   -0.840
1976-07-01,   -0.640
1976-08-01,   -0.270
1976-09-01,   -0.240
1976-10-01,   -0.250
1976-11-01,   -0.270
1976-12-01,   -0.600
1977-01-01,   -0.400
1977-02-01,   -0.400
1977-03-01,   -0.270
1977-04-01,   -0.250
1977-05-01,   -0.280
1977-06-01,   -0.200
1977-07-01,   -0.420
1977-08-01,   -0.620
1977-09-01,   -0.610
1977-10-01,   -0.660
1977-11-01,   -0.570
1977-12-01,   -0.440
1978-01-01,   -0.130
1978-02-01,    0.020
1978-03-01,    0.090
1978-04-01,    0.100
1978-05-01,   -0.130
1978-06-01,   -0.390
1978-07-01,   -0.600
1978-08-01,   -0.660
1978-09-01,   -0.590
1978-10-01,   -0.350
1978-11-01,   -0.300
1978-12-01,   -0.480
1979-01-01,   -0.080
1979-02-01,    0.100
1979-03-01,   -0.010
1979-04-01,    0.140
1979-05-01,    0.150
1979-06-01,    0.180
1979-07-01,    0.010
1979-08-01,   -0.250
1979-09-01,   -0.270
1979-10-01,   -0.320
1979-11-01,   -0.200
1979-12-01,   -0.030
1980-01-01,    0.150
1980-02-01,    0.230
1980-03-01,    0.020
1980-04-01,    0.400
1980-05-01,    0.500
1980-06-01,    0.230
1980-07-01,   -0.080
1980-08-01,   -0.040
1980-09-01,   -0.170
1980-10-01,   -0.380
1980-11-01,   -0.280
1980-12-01,   -0.310
1981-01-01,    0.030
1981-02-01,   -0.010
1981-03-01,    0.450
1981-04-01,    0.180
1981-05-01,    0.160
1981-06-01,   -0.060
1981-07-01,   -0.120
1981-08-01,   -0.240
1981-09-01,   -0.230
1981-10-01,   -0.390
1981-11-01,   -0.180
1981-12-01,   -0.020
1982-01-01,   -0.060
1982-02-01,   -0.240
1982-03-01,   -0.230
1982-04-01,   -0.320
1982-05-01,   -0.240
1982-06-01,   -0.400
1982-07-01,   -0.540
1982-08-01,   -0.640
1982-09-01,   -0.660
1982-10-01,   -0.770
1982-11-01,   -0.770
1982-12-01,   -0.790
1983-01-01,   -0.610
1983-02-01,   -0.190
1983-03-01,    0.280
1983-04-01,    0.290
1983-05-01,   -0.030
1983-06-01,    0.100
1983-07-01,   -0.050
1983-08-01,   -0.330
1983-09-01,   -0.560
1983-10-01,   -0.580
1983-11-01,   -0.260
1983-12-01,   -0.060
1984-01-01,   -0.300
1984-02-01,   -0.380
1984-03-01,   -0.250
1984-04-01,   -0.340
1984-05-01,   -0.360
1984-06-01,   -0.610
1984-07-01,   -0.630
1984-08-01,   -0.620
1984-09-01,   -0.620
1984-10-01,   -0.920
1984-11-01,   -0.770
1984-12-01,   -0.790
1985-01-01,   -0.680
1985-02-01,   -0.550
1985-03-01,   -0.770
1985-04-01,   -0.810
1985-05-01,   -0.910
1985-06-01,   -0.540
1985-07-01,   -0.320
1985-08-01,   -0.420
1985-09-01,   -0.540
1985-10-01,   -0.570
1985-11-01,   -0.390
1985-12-01,   -0.540
1986-01-01,   -0.860
1986-02-01,   -0.800
1986-03-01,   -0.760
1986-04-01,   -0.800
1986-05-01,   -0.740
1986-06-01,   -0.840
1986-07-01,   -0.650
1986-08-01,   -0.740
1986-09-01,   -0.340
1986-10-01,   -0.630
1986-11-01,   -0.910
1986-12-01,   -0.980
1987-01-01,   -0.570
1987-02-01,   -0.350
1987-03-01,    0.060
1987-04-01,    0.170
1987-05-01,    0.170
1987-06-01,    0.370
1987-07-01,    0.210
1987-08-01,    0.220
1987-09-01,    0.020
1987-10-01,    0.020
1987-11-01,    0.050
1987-12-01,    0.220
1988-01-01,   -0.090
1988-02-01,   -0.200
1988-03-01,    0.120
1988-04-01,    0.220
1988-05-01,    0.080
1988-06-01,    0.100
1988-07-01,   -0.000
1988-08-01,   -0.310
1988-09-01,   -0.320
1988-10-01,   -0.630
1988-11-01,   -0.540
1988-12-01,   -0.520
1989-01-01,   -0.670
1989-02-01,   -0.660
1989-03-01,   -0.820
1989-04-01,   -1.040
1989-05-01,   -0.860
1989-06-01,   -0.420
1989-07-01,   -0.030
1989-08-01,    0.050
1989-09-01,   -0.320
1989-10-01,   -0.300
1989-11-01,   -0.350
1989-12-01,   -0.070
1990-01-01,   -0.330
1990-02-01,   -0.280
1990-03-01,   -0.200
1990-04-01,   -0.100
1990-05-01,   -0.070
1990-06-01,   -0.270
1990-07-01,   -0.220
1990-08-01,   -0.040
1990-09-01,    0.020
1990-10-01,   -0.010
1990-11-01,    0.020
1990-12-01,   -0.120
1991-01-01,   -0.390
1991-02-01,   -0.290
1991-03-01,   -0.370
1991-04-01,   -0.540
1991-05-01,   -0.620
1991-06-01,   -0.670
1991-07-01,   -0.670
1991-08-01,   -0.620
1991-09-01,   -0.520
1991-10-01,   -0.530
1991-11-01,   -0.460
1991-12-01,   -0.470
1992-01-01,   -0.240
1992-02-01,   -0.140
1992-03-01,   -0.340
1992-04-01,   -0.440
1992-05-01,   -0.390
1992-06-01,   -0.360
1992-07-01,   -0.290
1992-08-01,   -0.560
1992-09-01,   -0.580
1992-10-01,   -0.480
1992-11-01,   -0.610
1992-12-01,   -0.520
1993-01-01,   -0.500
1993-02-01,   -0.430
1993-03-01,   -0.380
1993-04-01,   -0.220
1993-05-01,   -0.250
1993-06-01,   -0.180
1993-07-01,   -0.440
1993-08-01,   -0.450
1993-09-01,   -0.500
1993-10-01,   -0.560
1993-11-01,   -0.650
1993-12-01,   -0.700
1994-01-01,   -0.830
1994-02-01,   -0.780
1994-03-01,   -0.760
1994-04-01,   -0.620
1994-05-01,   -0.700
1994-06-01,   -0.670
1994-07-01,   -0.670
1994-08-01,   -0.630
1994-09-01,   -0.620
1994-10-01,   -0.500
1994-11-01,   -0.340
1994-12-01,   -0.420
1995-01-01,   -0.300
1995-02-01,   -0.220
1995-03-01,   -0.210
1995-04-01,   -0.040
1995-05-01,    0.100
1995-06-01,    0.230
1995-07-01,    0.310
1995-08-01,    0.250
1995-09-01,    0.030
1995-10-01,   -0.060
1995-11-01,    0.200
1995-12-01,    0.170
1996-01-01,    0.490
1996-02-01,    0.220
1996-03-01,    0.070
1996-04-01,    0.150
1996-05-01,    0.160
1996-06-01,   -0.060
1996-07-01,   -0.150
1996-08-01,   -0.360
1996-09-01,   -0.220
1996-10-01,   -0.340
1996-11-01,   -0.280
1996-12-01,   -0.150
1997-01-01,    0.060
1997-02-01,    0.160
1997-03-01,   -0.000
1997-04-01,    0.120
1997-05-01,    0.230
1997-06-01,    0.290
1997-07-01,    0.060
1997-08-01,   -0.170
1997-09-01,   -0.120
1997-10-01,    0.160
1997-11-01,    0.270
1997-12-01,    0.150
1998-01-01,    0.190
1998-02-01,    0.590
1998-03-01,    0.590
1998-04-01,    0.430
1998-05-01,    0.390
1998-06-01,    0.420
1998-07-01,    0.290
1998-08-01,    0.330
1998-09-01,    0.130
1998-10-01,    0.070
1998-11-01,    0.120
1998-12-01,    0.000
1999-01-01,   -0.350
1999-02-01,   -0.380
1999-03-01,   -0.380
1999-04-01,   -0.280
1999-05-01,   -0.090
1999-06-01,   -0.100
1999-07-01,   -0.100
1999-08-01,    0.010
1999-09-01,    0.010
1999-10-01,   -0.180
1999-11-01,   -0.180
1999-12-01,   -0.020
2000-01-01,   -0.420
2000-02-01,   -0.280
2000-03-01,   -0.090
2000-04-01,   -0.170
2000-05-01,   -0.270
2000-06-01,   -0.400
2000-07-01,   -0.270
2000-08-01,   -0.190
2000-09-01,   -0.360
2000-10-01,   -0.420
2000-11-01,   -0.430
2000-12-01,   -0.490
2001-01-01,   -0.380
2001-02-01,   -0.320
2001-03-01,   -0.010
2001-04-01,   -0.110
2001-05-01,   -0.140
2001-06-01,   -0.010
2001-07-01,    0.020
2001-08-01,    0.000
2001-09-01,    0.130
2001-10-01,    0.060
2001-11-01,    0.310
2001-12-01,    0.370
2002-01-01,    0.530
2002-02-01,    0.350
2002-03-01,    0.210
2002-04-01,   -0.180
2002-05-01,   -0.400
2002-06-01,   -0.380
2002-07-01,   -0.330
2002-08-01,   -0.380
2002-09-01,   -0.310
2002-10-01,   -0.070
2002-11-01,   -0.090
2002-12-01,   -0.090
2003-01-01,    0.020
2003-02-01,   -0.170
2003-03-01,   -0.110
2003-04-01,   -0.150
2003-05-01,   -0.140
2003-06-01,   -0.020
2003-07-01,    0.090
2003-08-01,    0.260
2003-09-01,    0.280
2003-10-01,    0.380
2003-11-01,    0.170
2003-12-01,    0.200
2004-01-01,    0.250
2004-02-01,    0.340
2004-03-01,    0.200
2004-04-01,    0.300
2004-05-01,   -0.030
2004-06-01,    0.020
2004-07-01,    0.180
2004-08-01,    0.350
2004-09-01,    0.210
2004-10-01,    0.200
2004-11-01,    0.320
2004-12-01,    0.240
2005-01-01,    0.220
2005-02-01,    0.200
2005-03-01,    0.530
2005-04-01,    0.650
2005-05-01,    0.810
2005-06-01,    0.670
2005-07-01,    0.570
2005-08-01,    0.410
2005-09-01,    0.350
2005-10-01,    0.120
2005-11-01,    0.090
2005-12-01,    0.260
2006-01-01,    0.160
2006-02-01,    0.010
2006-03-01,    0.020
2006-04-01,    0.260
2006-05-01,    0.230
2006-06-01,    0.280
2006-07-01,    0.090
2006-08-01,    0.200
2006-09-01,    0.310
2006-10-01,    0.310
2006-11-01,    0.400
2006-12-01,    0.180
2007-01-01,    0.210
2007-02-01,    0.380
2007-03-01,    0.170
2007-04-01,    0.240
2007-05-01,    0.010
2007-06-01,   -0.080
2007-07-01,   -0.180
2007-08-01,   -0.330
2007-09-01,   -0.270
2007-10-01,   -0.190
2007-11-01,   -0.070
2007-12-01,   -0.210
2008-01-01,   -0.100
2008-02-01,   -0.000
2008-03-01,    0.120
2008-04-01,   -0.060
2008-05-01,    0.070
2008-06-01,    0.150
2008-07-01,    0.170
2008-08-01,    0.120
2008-09-01,    0.200
2008-10-01,    0.010
2008-11-01,   -0.040
2008-12-01,   -0.030
2009-01-01,   -0.170
2009-02-01,   -0.550
2009-03-01,   -0.490
2009-04-01,   -0.470
2009-05-01,   -0.430
2009-06-01,   -0.190
2009-07-01,    0.170
2009-08-01,    0.070
2009-09-01,   -0.030
2009-10-01,    0.200
2009-11-01,    0.200
2009-12-01,    0.250
2010-01-01,    0.550
2010-02-01,    0.900
2010-03-01,    1.120
2010-04-01,    1.250
2010-05-01,    1.150
2010-06-01,    0.870
2010-07-01,    0.740
2010-08-01,    0.630
2010-09-01,    0.370
2010-10-01,    0.350
2010-11-01,    0.390
2010-12-01,    0.670
2011-01-01,    0.730
2011-02-01,    0.350
2011-03-01,    0.250
2011-04-01,    0.170
2011-05-01,    0.200
2011-06-01,    0.350
2011-07-01,    0.150
2011-08-01,    0.150
2011-09-01,   -0.010
2011-10-01,    0.020
2011-11-01,   -0.100
2011-12-01,   -0.060
2012-01-01,   -0.090
2012-02-01,   -0.190
2012-03-01,   -0.410
2012-04-01,   -0.330
2012-05-01,   -0.110
2012-06-01,    0.070
2012-07-01,    0.020
2012-08-01,    0.190
2012-09-01,    0.340
2012-10-01,    0.350
2012-11-01,    0.440
2012-12-01,    0.260
2013-01-01,    0.190
2013-02-01,    0.220
2013-03-01,    0.550
2013-04-01,    0.370
2013-05-01,    0.440
2013-06-01,    0.070
2013-07-01,    0.060
2013-08-01,    0.220
2013-09-01,    0.230
2013-10-01,    0.230
2013-11-01,    0.020
2013-12-01,   -0.020
2014-01-01,   -0.120
2014-02-01,   -0.250
2014-03-01,   -0.500
2014-04-01,   -0.360
2014-05-01,   -0.270
2014-06-01,   -0.290
2014-07-01,   -0.130
2014-08-01,   -0.100
2014-09-01,    0.130
2014-10-01,    0.130
2014-11-01,    0.040
2014-12-01,    0.050
2015-01-01,   -0.080
2015-02-01,   -0.060
2015-03-01,   -0.270
2015-04-01,   -0.400
2015-05-01,   -0.130
2015-06-01,   -0.310
2015-07-01,   -0.120
2015-08-01,    0.090
2015-09-01,    0.350
2015-10-01,    0.510
2015-11-01,    0.180
2015-12-01,    0.130
2016-01-01,    0.250
2016-02-01,    0.280
2016-03-01,    0.240
2016-04-01,    0.170
2016-05-01,    0.180
2016-06-01,    0.150
2016-07-01,    0.100
2016-08-01,    0.150
2016-09-01,    0.010
2016-10-01,    0.120
2016-11-01,    0.150
2016-12-01,    0.230
2017-01-01,    0.240
2017-02-01,    0.060
2017-03-01,   -0.030
2017-04-01,    0.310
2017-05-01,    0.380
2017-06-01,    0.350
2017-07-01,    0.320
2017-08-01,    0.330
2017-09-01,    0.150
2017-10-01,    0.030
2017-11-01,    0.220
2017-12-01,    0.250
2018-01-01,    0.030
2018-02-01,   -0.270
2018-03-01,   -0.130
2018-04-01,   -0.330
2018-05-01,   -0.600
2018-06-01,   -0.720
2018-07-01,   -0.480
2018-08-01,   -0.320
2018-09-01,   -0.040
2018-10-01,   -0.130
2018-11-01,   -0.320
2018-12-01,   -0.330
2019-01-01,   -0.170
2019-02-01,   -0.040
2019-03-01,   -0.150
2019-04-01,   -0.170
2019-05-01,   -0.080
2019-06-01,    0.060
2019-07-01,    0.090
2019-08-01,    0.090
2019-09-01,    0.200
2019-10-01,    0.010
2019-11-01,   -0.050
2019-12-01,   -0.040
2020-01-01,    0.010
2020-02-01,    0.320
2020-03-01,    0.580
2020-04-01,    0.460
2020-05-01,    0.320
2020-06-01,    0.470
2020-07-01,    0.380
2020-08-01,    0.250
2020-09-01,    0.150
2020-10-01,    0.190
2020-11-01,    0.080
2020-12-01,    0.170
2021-01-01,    0.270
2021-02-01,    0.230
2021-03-01,   -0.010
2021-04-01,    0.160
2021-05-01,    0.040
2021-06-01,   -0.100
2021-07-01,   -0.020
2021-08-01,   -0.070
2021-09-01,    0.160
2021-10-01,    0.030
2021-11-01,    0.110
2021-12-01,    0.160
2022-01-01,    0.360
2022-02-01,    0.390
2022-03-01,   -0.070
2022-04-01,   -0.110
2022-05-01,    0.140
2022-06-01,    0.230
2022-07-01,    0.050
2022-08-01,    0.140
2022-09-01,    0.250
2022-10-01,    0.080
2022-11-01,    0.020
2022-12-01,    0.180
2023-01-01,    0.230
2023-02-01,    0.040
2023-03-01,    0.490
2023-04-01,    0.620
2023-05-01,    0.830
2023-06-01,    1.170
2023-07-01,    1.140
2023-08-01,    1.020
2023-09-01,    1.060
2023-10-01,    0.890
2023-11-01,    0.780
2023-12-01,    0.880
2024-01-01,    1.170
2024-02-01,    1.410
2024-03-01,    1.210
2024-04-01,    1.170
2024-05-01,    1.220
2024-06-01,    1.090
2024-07-01,    0.870
2024-08-01,    0.790
2024-09-01,    0.660
2024-10-01,    0.610
2024-11-01,    0.670
2024-12-01,    0.620
2025-01-01,    0.660
2025-02-01,    0.410
2025-03-01,    0.250
2025-04-01,    0.060
2025-05-01,    0.120
2025-06-01,    0.110
2025-07-01,    0.320
2025-08-01,    0.420
2025-09-01,    0.350
2025-10-01,    0.310
2025-11-01,    0.470
2025-12-01,    0.250
2026-01-01,    0.240
2026-02-01,    0.380
2026-03-01,    0.040
2026-04-01,    0.070
2026-05-01,    0.140
2026-06-01,-9999.000
2026-07-01,-9999.000
2026-08-01,-9999.000
2026-09-01,-9999.000
2026-10-01,-9999.000
2026-11-01,-9999.000
2026-12-01,-9999.000
