Date,   TSAa  missing value -99.99 https://psl.noaa.gov/data/timeseries/month/
1948-01-01,   -0.550
1948-02-01,   -0.390
1948-03-01,   -0.310
1948-04-01,   -0.520
1948-05-01,   -0.740
1948-06-01,   -0.950
1948-07-01,   -0.660
1948-08-01,   -0.720
1948-09-01,   -0.560
1948-10-01,   -0.640
1948-11-01,   -0.530
1948-12-01,   -0.470
1949-01-01,   -0.530
1949-02-01,   -0.260
1949-03-01,   -0.360
1949-04-01,   -0.090
1949-05-01,   -0.270
1949-06-01,   -0.270
1949-07-01,   -0.100
1949-08-01,    0.010
1949-09-01,    0.090
1949-10-01,   -0.190
1949-11-01,   -0.160
1949-12-01,   -0.430
1950-01-01,   -0.250
1950-02-01,   -0.120
1950-03-01,   -0.230
1950-04-01,   -0.480
1950-05-01,   -0.690
1950-06-01,   -0.540
1950-07-01,   -0.410
1950-08-01,   -0.540
1950-09-01,   -0.660
1950-10-01,   -0.760
1950-11-01,   -0.640
1950-12-01,   -1.190
1951-01-01,   -1.320
1951-02-01,   -0.970
1951-03-01,   -1.220
1951-04-01,   -0.820
1951-05-01,   -0.710
1951-06-01,   -0.570
1951-07-01,   -0.360
1951-08-01,   -0.150
1951-09-01,   -0.100
1951-10-01,   -0.190
1951-11-01,   -0.260
1951-12-01,   -0.260
1952-01-01,   -0.280
1952-02-01,   -0.280
1952-03-01,   -0.420
1952-04-01,   -0.390
1952-05-01,   -0.530
1952-06-01,   -0.240
1952-07-01,   -0.330
1952-08-01,   -0.210
1952-09-01,   -0.190
1952-10-01,   -0.300
1952-11-01,   -0.180
1952-12-01,   -0.400
1953-01-01,   -0.490
1953-02-01,   -0.520
1953-03-01,   -0.340
1953-04-01,   -0.600
1953-05-01,   -0.480
1953-06-01,   -0.410
1953-07-01,   -0.330
1953-08-01,   -0.260
1953-09-01,   -0.110
1953-10-01,   -0.200
1953-11-01,   -0.370
1953-12-01,   -0.680
1954-01-01,   -0.760
1954-02-01,   -0.770
1954-03-01,   -0.870
1954-04-01,   -0.710
1954-05-01,   -0.960
1954-06-01,   -0.880
1954-07-01,   -0.920
1954-08-01,   -0.590
1954-09-01,   -0.400
1954-10-01,   -0.360
1954-11-01,   -0.300
1954-12-01,   -0.490
1955-01-01,   -0.760
1955-02-01,   -0.870
1955-03-01,   -0.800
1955-04-01,   -0.830
1955-05-01,   -0.690
1955-06-01,   -0.750
1955-07-01,   -0.520
1955-08-01,   -0.650
1955-09-01,   -0.560
1955-10-01,   -0.500
1955-11-01,   -0.380
1955-12-01,   -0.830
1956-01-01,   -0.840
1956-02-01,   -0.960
1956-03-01,   -0.920
1956-04-01,   -1.040
1956-05-01,   -0.790
1956-06-01,   -0.740
1956-07-01,   -0.510
1956-08-01,   -0.390
1956-09-01,   -0.340
1956-10-01,   -0.660
1956-11-01,   -0.620
1956-12-01,   -0.750
1957-01-01,   -0.710
1957-02-01,   -0.380
1957-03-01,   -0.420
1957-04-01,   -0.340
1957-05-01,   -0.600
1957-06-01,   -0.420
1957-07-01,   -0.570
1957-08-01,   -0.410
1957-09-01,   -0.500
1957-10-01,   -0.600
1957-11-01,   -0.440
1957-12-01,   -0.420
1958-01-01,   -0.590
1958-02-01,   -0.530
1958-03-01,   -0.920
1958-04-01,   -0.940
1958-05-01,   -1.420
1958-06-01,   -1.370
1958-07-01,   -0.770
1958-08-01,   -0.830
1958-09-01,   -0.780
1958-10-01,   -0.710
1958-11-01,   -0.570
1958-12-01,   -0.290
1959-01-01,   -0.300
1959-02-01,   -0.210
1959-03-01,   -0.070
1959-04-01,   -0.110
1959-05-01,   -0.510
1959-06-01,   -0.450
1959-07-01,   -0.500
1959-08-01,   -0.400
1959-09-01,   -0.250
1959-10-01,   -0.350
1959-11-01,   -0.410
1959-12-01,   -0.490
1960-01-01,   -0.660
1960-02-01,   -0.680
1960-03-01,   -0.430
1960-04-01,   -0.530
1960-05-01,   -0.340
1960-06-01,   -0.540
1960-07-01,   -0.180
1960-08-01,   -0.220
1960-09-01,   -0.200
1960-10-01,   -0.320
1960-11-01,   -0.170
1960-12-01,   -0.260
1961-01-01,   -0.340
1961-02-01,   -0.390
1961-03-01,   -0.370
1961-04-01,   -0.410
1961-05-01,   -0.310
1961-06-01,   -0.410
1961-07-01,   -0.470
1961-08-01,   -0.380
1961-09-01,   -0.120
1961-10-01,   -0.240
1961-11-01,   -0.240
1961-12-01,   -0.380
1962-01-01,   -0.410
1962-02-01,   -0.430
1962-03-01,   -0.460
1962-04-01,   -0.320
1962-05-01,   -0.160
1962-06-01,   -0.230
1962-07-01,   -0.340
1962-08-01,   -0.230
1962-09-01,   -0.220
1962-10-01,   -0.200
1962-11-01,   -0.170
1962-12-01,   -0.450
1963-01-01,   -0.390
1963-02-01,   -0.260
1963-03-01,   -0.070
1963-04-01,   -0.100
1963-05-01,    0.080
1963-06-01,    0.140
1963-07-01,    0.170
1963-08-01,    0.250
1963-09-01,    0.260
1963-10-01,    0.220
1963-11-01,    0.500
1963-12-01,    0.510
1964-01-01,    0.320
1964-02-01,    0.040
1964-03-01,   -0.020
1964-04-01,   -0.250
1964-05-01,   -0.560
1964-06-01,   -0.450
1964-07-01,   -0.460
1964-08-01,   -0.410
1964-09-01,   -0.820
1964-10-01,   -1.010
1964-11-01,   -0.810
1964-12-01,   -1.020
1965-01-01,   -0.730
1965-02-01,   -0.350
1965-03-01,   -0.240
1965-04-01,   -0.210
1965-05-01,   -0.190
1965-06-01,   -0.490
1965-07-01,   -0.650
1965-08-01,   -0.410
1965-09-01,   -0.180
1965-10-01,   -0.400
1965-11-01,   -0.480
1965-12-01,   -0.510
1966-01-01,   -0.520
1966-02-01,   -0.540
1966-03-01,   -0.740
1966-04-01,   -0.230
1966-05-01,   -0.210
1966-06-01,    0.310
1966-07-01,    0.020
1966-08-01,   -0.260
1966-09-01,   -0.220
1966-10-01,   -0.270
1966-11-01,    0.030
1966-12-01,    0.340
1967-01-01,   -0.030
1967-02-01,    0.040
1967-03-01,   -0.370
1967-04-01,   -0.510
1967-05-01,   -0.720
1967-06-01,   -0.920
1967-07-01,   -0.870
1967-08-01,   -0.600
1967-09-01,   -0.500
1967-10-01,   -0.840
1967-11-01,   -0.590
1967-12-01,   -0.390
1968-01-01,   -0.370
1968-02-01,   -0.510
1968-03-01,   -0.610
1968-04-01,   -0.320
1968-05-01,   -0.360
1968-06-01,   -0.230
1968-07-01,   -0.010
1968-08-01,   -0.000
1968-09-01,    0.140
1968-10-01,    0.220
1968-11-01,    0.300
1968-12-01,    0.240
1969-01-01,   -0.020
1969-02-01,    0.270
1969-03-01,    0.030
1969-04-01,    0.040
1969-05-01,   -0.150
1969-06-01,   -0.360
1969-07-01,   -0.400
1969-08-01,   -0.190
1969-09-01,   -0.240
1969-10-01,   -0.280
1969-11-01,   -0.250
1969-12-01,   -0.450
1970-01-01,   -0.680
1970-02-01,   -0.530
1970-03-01,   -0.550
1970-04-01,   -0.590
1970-05-01,   -0.530
1970-06-01,   -0.650
1970-07-01,   -0.370
1970-08-01,   -0.430
1970-09-01,   -0.370
1970-10-01,   -0.610
1970-11-01,   -0.380
1970-12-01,   -0.600
1971-01-01,   -0.350
1971-02-01,   -0.250
1971-03-01,   -0.410
1971-04-01,   -0.220
1971-05-01,   -0.100
1971-06-01,   -0.140
1971-07-01,   -0.490
1971-08-01,   -0.400
1971-09-01,   -0.310
1971-10-01,   -0.600
1971-11-01,   -0.860
1971-12-01,   -1.060
1972-01-01,   -0.420
1972-02-01,   -0.330
1972-03-01,   -0.520
1972-04-01,   -0.280
1972-05-01,   -0.380
1972-06-01,   -0.220
1972-07-01,   -0.010
1972-08-01,    0.070
1972-09-01,    0.080
1972-10-01,    0.070
1972-11-01,    0.260
1972-12-01,    0.620
1973-01-01,    0.460
1973-02-01,    0.450
1973-03-01,    0.250
1973-04-01,    0.450
1973-05-01,    0.590
1973-06-01,    0.440
1973-07-01,    0.410
1973-08-01,    0.380
1973-09-01,    0.600
1973-10-01,    0.450
1973-11-01,    0.360
1973-12-01,    0.140
1974-01-01,    0.000
1974-02-01,   -0.130
1974-03-01,   -0.200
1974-04-01,    0.050
1974-05-01,    0.150
1974-06-01,    0.120
1974-07-01,    0.320
1974-08-01,    0.220
1974-09-01,   -0.010
1974-10-01,   -0.110
1974-11-01,    0.070
1974-12-01,   -0.150
1975-01-01,   -0.460
1975-02-01,   -0.460
1975-03-01,   -0.500
1975-04-01,   -0.420
1975-05-01,   -0.310
1975-06-01,   -0.140
1975-07-01,   -0.230
1975-08-01,   -0.210
1975-09-01,   -0.390
1975-10-01,   -0.400
1975-11-01,   -0.210
1975-12-01,   -0.600
1976-01-01,   -0.740
1976-02-01,   -0.670
1976-03-01,   -0.830
1976-04-01,   -0.980
1976-05-01,   -1.040
1976-06-01,   -0.910
1976-07-01,   -0.930
1976-08-01,   -0.680
1976-09-01,   -0.470
1976-10-01,   -0.580
1976-11-01,   -0.630
1976-12-01,   -0.470
1977-01-01,   -0.530
1977-02-01,   -0.270
1977-03-01,   -0.340
1977-04-01,   -0.340
1977-05-01,   -0.390
1977-06-01,   -0.410
1977-07-01,   -0.400
1977-08-01,   -0.190
1977-09-01,   -0.120
1977-10-01,   -0.310
1977-11-01,   -0.270
1977-12-01,   -0.340
1978-01-01,   -0.520
1978-02-01,   -0.560
1978-03-01,   -0.800
1978-04-01,   -0.960
1978-05-01,   -0.990
1978-06-01,   -0.780
1978-07-01,   -0.330
1978-08-01,   -0.400
1978-09-01,   -0.500
1978-10-01,   -0.610
1978-11-01,   -0.610
1978-12-01,   -0.430
1979-01-01,   -0.490
1979-02-01,   -0.510
1979-03-01,   -0.650
1979-04-01,   -0.300
1979-05-01,   -0.270
1979-06-01,   -0.210
1979-07-01,   -0.120
1979-08-01,    0.070
1979-09-01,    0.140
1979-10-01,   -0.170
1979-11-01,   -0.120
1979-12-01,   -0.280
1980-01-01,   -0.480
1980-02-01,   -0.610
1980-03-01,   -0.610
1980-04-01,   -0.420
1980-05-01,   -0.380
1980-06-01,   -0.390
1980-07-01,   -0.310
1980-08-01,   -0.160
1980-09-01,   -0.040
1980-10-01,   -0.250
1980-11-01,   -0.430
1980-12-01,   -0.860
1981-01-01,   -0.610
1981-02-01,   -0.730
1981-03-01,   -0.990
1981-04-01,   -0.830
1981-05-01,   -0.750
1981-06-01,   -0.530
1981-07-01,   -0.480
1981-08-01,   -0.070
1981-09-01,    0.050
1981-10-01,    0.120
1981-11-01,    0.080
1981-12-01,   -0.160
1982-01-01,   -0.300
1982-02-01,   -0.470
1982-03-01,   -0.560
1982-04-01,   -0.660
1982-05-01,   -0.710
1982-06-01,   -0.760
1982-07-01,   -0.700
1982-08-01,   -0.770
1982-09-01,   -0.460
1982-10-01,   -0.330
1982-11-01,   -0.460
1982-12-01,   -0.430
1983-01-01,   -0.010
1983-02-01,    0.110
1983-03-01,   -0.480
1983-04-01,   -0.560
1983-05-01,   -0.800
1983-06-01,   -0.760
1983-07-01,   -0.560
1983-08-01,   -0.280
1983-09-01,   -0.110
1983-10-01,   -0.310
1983-11-01,   -0.120
1983-12-01,    0.120
1984-01-01,    0.350
1984-02-01,    0.380
1984-03-01,    0.440
1984-04-01,    0.190
1984-05-01,   -0.080
1984-06-01,    0.140
1984-07-01,    0.290
1984-08-01,    0.570
1984-09-01,    0.690
1984-10-01,    0.360
1984-11-01,    0.130
1984-12-01,   -0.010
1985-01-01,   -0.020
1985-02-01,    0.250
1985-03-01,   -0.210
1985-04-01,   -0.160
1985-05-01,   -0.100
1985-06-01,   -0.270
1985-07-01,    0.020
1985-08-01,   -0.100
1985-09-01,   -0.130
1985-10-01,    0.050
1985-11-01,    0.060
1985-12-01,    0.030
1986-01-01,   -0.140
1986-02-01,    0.200
1986-03-01,    0.040
1986-04-01,   -0.030
1986-05-01,   -0.080
1986-06-01,    0.100
1986-07-01,   -0.060
1986-08-01,    0.010
1986-09-01,    0.160
1986-10-01,   -0.080
1986-11-01,   -0.350
1986-12-01,   -0.240
1987-01-01,   -0.320
1987-02-01,   -0.190
1987-03-01,   -0.180
1987-04-01,   -0.270
1987-05-01,   -0.060
1987-06-01,    0.110
1987-07-01,    0.250
1987-08-01,    0.240
1987-09-01,    0.170
1987-10-01,    0.190
1987-11-01,    0.450
1987-12-01,    0.130
1988-01-01,    0.300
1988-02-01,    0.390
1988-03-01,    0.430
1988-04-01,    0.280
1988-05-01,    0.370
1988-06-01,    0.420
1988-07-01,    0.200
1988-08-01,    0.300
1988-09-01,    0.160
1988-10-01,    0.150
1988-11-01,   -0.050
1988-12-01,   -0.070
1989-01-01,    0.080
1989-02-01,   -0.040
1989-03-01,    0.000
1989-04-01,   -0.020
1989-05-01,   -0.010
1989-06-01,    0.000
1989-07-01,    0.000
1989-08-01,    0.190
1989-09-01,    0.060
1989-10-01,    0.060
1989-11-01,   -0.240
1989-12-01,   -0.510
1990-01-01,   -0.680
1990-02-01,   -0.140
1990-03-01,   -0.030
1990-04-01,    0.040
1990-05-01,   -0.400
1990-06-01,   -0.230
1990-07-01,   -0.370
1990-08-01,   -0.330
1990-09-01,   -0.220
1990-10-01,   -0.130
1990-11-01,   -0.010
1990-12-01,   -0.040
1991-01-01,   -0.210
1991-02-01,   -0.200
1991-03-01,   -0.210
1991-04-01,   -0.000
1991-05-01,    0.140
1991-06-01,    0.130
1991-07-01,   -0.200
1991-08-01,   -0.520
1991-09-01,   -0.510
1991-10-01,   -0.590
1991-11-01,   -0.520
1991-12-01,   -0.340
1992-01-01,   -0.610
1992-02-01,   -0.530
1992-03-01,   -0.740
1992-04-01,   -0.880
1992-05-01,   -1.010
1992-06-01,   -1.110
1992-07-01,   -0.860
1992-08-01,   -0.860
1992-09-01,   -0.700
1992-10-01,   -0.740
1992-11-01,   -0.970
1992-12-01,   -0.630
1993-01-01,   -0.590
1993-02-01,   -0.390
1993-03-01,   -0.440
1993-04-01,   -0.110
1993-05-01,   -0.320
1993-06-01,   -0.340
1993-07-01,   -0.210
1993-08-01,   -0.160
1993-09-01,    0.300
1993-10-01,    0.470
1993-11-01,    0.570
1993-12-01,    0.240
1994-01-01,   -0.010
1994-02-01,   -0.140
1994-03-01,   -0.100
1994-04-01,   -0.130
1994-05-01,   -0.230
1994-06-01,   -0.490
1994-07-01,   -0.520
1994-08-01,   -0.370
1994-09-01,   -0.300
1994-10-01,   -0.270
1994-11-01,   -0.110
1994-12-01,   -0.070
1995-01-01,    0.070
1995-02-01,    0.340
1995-03-01,    0.390
1995-04-01,    0.290
1995-05-01,    0.240
1995-06-01,    0.330
1995-07-01,    0.090
1995-08-01,   -0.260
1995-09-01,   -0.190
1995-10-01,   -0.270
1995-11-01,   -0.060
1995-12-01,   -0.260
1996-01-01,   -0.150
1996-02-01,    0.160
1996-03-01,    0.120
1996-04-01,    0.340
1996-05-01,    0.430
1996-06-01,    0.560
1996-07-01,    0.410
1996-08-01,    0.150
1996-09-01,   -0.010
1996-10-01,   -0.100
1996-11-01,   -0.060
1996-12-01,   -0.330
1997-01-01,   -0.550
1997-02-01,   -0.600
1997-03-01,   -0.820
1997-04-01,   -0.810
1997-05-01,   -0.890
1997-06-01,   -0.980
1997-07-01,   -0.530
1997-08-01,   -0.290
1997-09-01,    0.060
1997-10-01,    0.470
1997-11-01,    0.600
1997-12-01,    0.760
1998-01-01,    0.380
1998-02-01,    0.470
1998-03-01,    0.340
1998-04-01,    0.230
1998-05-01,    0.200
1998-06-01,    0.350
1998-07-01,    0.590
1998-08-01,    0.400
1998-09-01,    0.260
1998-10-01,   -0.010
1998-11-01,    0.140
1998-12-01,   -0.150
1999-01-01,   -0.200
1999-02-01,   -0.220
1999-03-01,   -0.020
1999-04-01,    0.140
1999-05-01,    0.180
1999-06-01,    0.180
1999-07-01,    0.380
1999-08-01,    0.350
1999-09-01,    0.090
1999-10-01,    0.050
1999-11-01,    0.150
1999-12-01,    0.100
2000-01-01,   -0.120
2000-02-01,    0.120
2000-03-01,    0.050
2000-04-01,    0.060
2000-05-01,   -0.050
2000-06-01,   -0.110
2000-07-01,   -0.100
2000-08-01,   -0.000
2000-09-01,   -0.130
2000-10-01,   -0.120
2000-11-01,   -0.110
2000-12-01,   -0.270
2001-01-01,   -0.170
2001-02-01,   -0.100
2001-03-01,   -0.060
2001-04-01,    0.070
2001-05-01,    0.120
2001-06-01,    0.040
2001-07-01,   -0.110
2001-08-01,   -0.060
2001-09-01,   -0.040
2001-10-01,   -0.030
2001-11-01,   -0.020
2001-12-01,   -0.250
2002-01-01,   -0.190
2002-02-01,   -0.330
2002-03-01,   -0.060
2002-04-01,   -0.000
2002-05-01,    0.150
2002-06-01,    0.020
2002-07-01,    0.220
2002-08-01,   -0.190
2002-09-01,   -0.230
2002-10-01,   -0.090
2002-11-01,   -0.250
2002-12-01,    0.080
2003-01-01,    0.220
2003-02-01,    0.300
2003-03-01,    0.280
2003-04-01,    0.110
2003-05-01,    0.020
2003-06-01,   -0.210
2003-07-01,    0.140
2003-08-01,    0.300
2003-09-01,    0.340
2003-10-01,    0.310
2003-11-01,    0.360
2003-12-01,    0.300
2004-01-01,    0.070
2004-02-01,   -0.050
2004-03-01,   -0.360
2004-04-01,   -0.570
2004-05-01,   -0.470
2004-06-01,   -0.390
2004-07-01,   -0.180
2004-08-01,    0.020
2004-09-01,    0.180
2004-10-01,   -0.080
2004-11-01,    0.060
2004-12-01,    0.170
2005-01-01,    0.280
2005-02-01,    0.220
2005-03-01,    0.260
2005-04-01,   -0.020
2005-05-01,   -0.400
2005-06-01,   -0.570
2005-07-01,   -0.570
2005-08-01,   -0.190
2005-09-01,   -0.230
2005-10-01,   -0.220
2005-11-01,   -0.260
2005-12-01,   -0.290
2006-01-01,   -0.300
2006-02-01,   -0.040
2006-03-01,    0.060
2006-04-01,   -0.000
2006-05-01,   -0.110
2006-06-01,    0.100
2006-07-01,    0.050
2006-08-01,    0.130
2006-09-01,    0.130
2006-10-01,    0.010
2006-11-01,   -0.100
2006-12-01,    0.050
2007-01-01,   -0.090
2007-02-01,   -0.060
2007-03-01,   -0.310
2007-04-01,   -0.070
2007-05-01,   -0.060
2007-06-01,    0.120
2007-07-01,   -0.020
2007-08-01,   -0.040
2007-09-01,    0.120
2007-10-01,   -0.110
2007-11-01,   -0.080
2007-12-01,   -0.060
2008-01-01,   -0.140
2008-02-01,    0.090
2008-03-01,    0.250
2008-04-01,    0.330
2008-05-01,    0.470
2008-06-01,    0.390
2008-07-01,    0.400
2008-08-01,    0.310
2008-09-01,    0.130
2008-10-01,    0.050
2008-11-01,    0.130
2008-12-01,    0.150
2009-01-01,    0.110
2009-02-01,    0.080
2009-03-01,    0.200
2009-04-01,    0.210
2009-05-01,    0.440
2009-06-01,    0.280
2009-07-01,    0.140
2009-08-01,    0.040
2009-09-01,    0.040
2009-10-01,    0.230
2009-11-01,    0.110
2009-12-01,    0.430
2010-01-01,    0.460
2010-02-01,    0.410
2010-03-01,    0.540
2010-04-01,    0.370
2010-05-01,    0.270
2010-06-01,    0.540
2010-07-01,    0.350
2010-08-01,    0.290
2010-09-01,    0.080
2010-10-01,    0.210
2010-11-01,    0.220
2010-12-01,    0.150
2011-01-01,    0.120
2011-02-01,    0.320
2011-03-01,    0.380
2011-04-01,    0.180
2011-05-01,   -0.040
2011-06-01,   -0.110
2011-07-01,    0.020
2011-08-01,    0.000
2011-09-01,    0.090
2011-10-01,    0.060
2011-11-01,   -0.230
2011-12-01,   -0.740
2012-01-01,   -0.660
2012-02-01,   -0.780
2012-03-01,   -0.430
2012-04-01,   -0.640
2012-05-01,   -0.380
2012-06-01,   -0.270
2012-07-01,   -0.290
2012-08-01,   -0.280
2012-09-01,   -0.130
2012-10-01,   -0.190
2012-11-01,   -0.160
2012-12-01,   -0.090
2013-01-01,    0.050
2013-02-01,   -0.020
2013-03-01,   -0.090
2013-04-01,    0.040
2013-05-01,    0.130
2013-06-01,   -0.030
2013-07-01,   -0.030
2013-08-01,    0.050
2013-09-01,   -0.120
2013-10-01,   -0.180
2013-11-01,   -0.260
2013-12-01,   -0.160
2014-01-01,   -0.230
2014-02-01,   -0.050
2014-03-01,   -0.130
2014-04-01,   -0.080
2014-05-01,    0.140
2014-06-01,    0.150
2014-07-01,   -0.090
2014-08-01,    0.050
2014-09-01,    0.110
2014-10-01,   -0.060
2014-11-01,   -0.500
2014-12-01,   -0.380
2015-01-01,    0.100
2015-02-01,    0.150
2015-03-01,   -0.110
2015-04-01,    0.050
2015-05-01,    0.110
2015-06-01,    0.070
2015-07-01,   -0.190
2015-08-01,   -0.310
2015-09-01,   -0.190
2015-10-01,    0.060
2015-11-01,    0.190
2015-12-01,    0.440
2016-01-01,    0.470
2016-02-01,    0.320
2016-03-01,    0.250
2016-04-01,    0.080
2016-05-01,    0.010
2016-06-01,    0.370
2016-07-01,    0.370
2016-08-01,    0.330
2016-09-01,    0.110
2016-10-01,    0.240
2016-11-01,    0.100
2016-12-01,    0.410
2017-01-01,    0.250
2017-02-01,   -0.180
2017-03-01,   -0.060
2017-04-01,    0.090
2017-05-01,    0.120
2017-06-01,    0.260
2017-07-01,    0.100
2017-08-01,    0.390
2017-09-01,    0.120
2017-10-01,    0.190
2017-11-01,    0.020
2017-12-01,   -0.090
2018-01-01,    0.290
2018-02-01,   -0.270
2018-03-01,   -0.180
2018-04-01,   -0.030
2018-05-01,   -0.070
2018-06-01,    0.150
2018-07-01,    0.120
2018-08-01,    0.210
2018-09-01,    0.210
2018-10-01,    0.310
2018-11-01,    0.210
2018-12-01,    0.400
2019-01-01,    0.410
2019-02-01,    0.410
2019-03-01,    0.670
2019-04-01,    0.340
2019-05-01,    0.310
2019-06-01,    0.270
2019-07-01,    0.240
2019-08-01,    0.220
2019-09-01,    0.330
2019-10-01,    0.250
2019-11-01,    0.870
2019-12-01,    0.800
2020-01-01,    0.950
2020-02-01,    0.570
2020-03-01,    0.310
2020-04-01,    0.410
2020-05-01,    0.530
2020-06-01,    0.290
2020-07-01,    0.290
2020-08-01,    0.300
2020-09-01,    0.090
2020-10-01,    0.170
2020-11-01,   -0.060
2020-12-01,   -0.380
2021-01-01,   -0.120
2021-02-01,   -0.330
2021-03-01,   -0.210
2021-04-01,    0.060
2021-05-01,    0.410
2021-06-01,    0.580
2021-07-01,    0.860
2021-08-01,    0.720
2021-09-01,    0.430
2021-10-01,    0.420
2021-11-01,    0.320
2021-12-01,    0.000
2022-01-01,    0.140
2022-02-01,    0.460
2022-03-01,    0.220
2022-04-01,    0.150
2022-05-01,    0.010
2022-06-01,    0.300
2022-07-01,    0.080
2022-08-01,    0.180
2022-09-01,    0.200
2022-10-01,    0.300
2022-11-01,    0.330
2022-12-01,    0.340
2023-01-01,    0.490
2023-02-01,    0.280
2023-03-01,    0.140
2023-04-01,    0.190
2023-05-01,    0.440
2023-06-01,    0.260
2023-07-01,    0.280
2023-08-01,    0.300
2023-09-01,    0.250
2023-10-01,    0.190
2023-11-01,    0.730
2023-12-01,    1.050
2024-01-01,    0.990
2024-02-01,    1.140
2024-03-01,    1.330
2024-04-01,    1.100
2024-05-01,    0.820
2024-06-01,    0.540
2024-07-01,    0.330
2024-08-01,    0.190
2024-09-01,    0.300
2024-10-01,    0.280
2024-11-01,    0.220
2024-12-01,    0.310
2025-01-01,    0.320
2025-02-01,    0.330
2025-03-01,    0.080
2025-04-01,    0.110
2025-05-01,    0.170
2025-06-01,    0.110
2025-07-01,    0.110
2025-08-01,    0.070
2025-09-01,    0.130
2025-10-01,    0.000
2025-11-01,    0.020
2025-12-01,    0.170
2026-01-01,    0.300
2026-02-01,    0.450
2026-03-01,    0.270
2026-04-01,    0.380
2026-05-01,    0.170
2026-06-01,-9999.000
2026-07-01,-9999.000
2026-08-01,-9999.000
2026-09-01,-9999.000
2026-10-01,-9999.000
2026-11-01,-9999.000
2026-12-01,-9999.000
